<xml>
    <header>
        <fecha_desde>2019/09/23</fecha_desde>
        <fecha_hasta>2019/10/10</fecha_hasta>
		<sucursal>Santiago Sur</sucursal>
    </header>
    <pedido id="36987" >
        <cliente_id>82</cliente_id>
        <nombre>Jose</nombre>
        <apellido>Asensio</apellido>
        <fecha>2019/10/04</fecha>
        <descuento_porcentaje>25</descuento_porcentaje>
        <detalles>
            <linea producto_id="26" >
                <descripcion>Zapatillas Nike Zoom Fly Flyknit</descripcion>
                <color>Azul</color>
                <precio>120000</precio>
                <unidades>1</unidades>
            </linea>
        </detalles>
    </pedido>
    <pedido id="36990" >
        <cliente_id>83</cliente_id>
        <nombre>Brian</nombre>
        <apellido>Espejo</apellido>
        <fecha>2019/10/04</fecha>
        <descuento_porcentaje>50</descuento_porcentaje>
        <detalles>
            <linea producto_id="26" >
                <descripcion>Zapatillas Nike Zoom Fly Flyknit</descripcion>
                <color>Azul</color>
                <precio>150000</precio>
                <unidades>1</unidades>
            </linea>
        </detalles>
    </pedido>
</xml>